review_id,product_id,review_text,rating,date
rev_5f3713e3,29796154,Highly recommended!,2,25/03/25
rev_c3d46232,23034742,Excellent quality and fit!,5,26/01/25
rev_9d28daef,32716008,Exactly as shown. Loved it.,1,24/03/25
rev_dbf380f1,31338523,Not worth the price.,1,28/01/25
rev_f1fa5ce4,17319476,Delivered late but product is fine.,1,18/03/25
rev_cf19dcd2,29412284,Highly recommended!,5,17/02/25
rev_b50781bd,29906116,Highly recommended!,3,13/03/25
rev_ff848b7e,29335922,"Average quality, okay for the price.",3,07/03/25
rev_a8db90f9,32973264,Not worth the price.,3,19/02/25
rev_3dc9ee8e,28973154,Color faded after first wash.,4,19/02/25
rev_a800643f,27557748,"Average quality, okay for the price.",5,03/04/25
rev_11e4b9bc,31630227,Excellent quality and fit!,4,09/03/25
rev_325f7c8c,33493798,Not worth the price.,3,10/03/25
rev_5a3aaf88,30381090,Excellent quality and fit!,5,12/03/25
rev_c84b0fc5,32755431,Not worth the price.,3,14/04/25
rev_551998bc,32340067,Not worth the price.,1,03/04/25
rev_6a337a0f,32716008,Highly recommended!,1,26/02/25
rev_8c5c5985,13583354,"Average quality, okay for the price.",5,24/03/25
rev_a9dab13f,31078904,Exactly as shown. Loved it.,3,07/02/25
rev_aa54d0e8,32820355,"Average quality, okay for the price.",5,21/02/25
rev_51ca91bd,30413818,Very poor material.,1,20/03/25
rev_dc4d883e,27074142,Very poor material.,2,19/04/25
rev_c5d58508,31520751,"Average quality, okay for the price.",5,16/03/25
rev_5b8185d6,30837156,Highly recommended!,3,04/04/25
rev_5c5ca399,32503332,Delivered late but product is fine.,2,26/03/25
rev_89341b5f,19310372,Delivered late but product is fine.,5,03/02/25
rev_621e39c5,28951088,Excellent quality and fit!,1,23/04/25
rev_25dd804c,32959092,Color faded after first wash.,2,28/03/25
rev_c1690d2b,30356598,Exactly as shown. Loved it.,2,16/03/25
rev_4c3bc95c,20565880,Highly recommended!,1,01/03/25
rev_f5f27e72,27632394,Delivered late but product is fine.,1,03/03/25
rev_8d643a59,4149416,Exactly as shown. Loved it.,1,02/03/25
rev_52cab34d,25059630,Excellent quality and fit!,1,10/03/25
rev_eed87fd1,31333819,Not worth the price.,3,22/02/25
rev_338b79fa,30191579,Color faded after first wash.,1,13/04/25
rev_e66dbefd,33384053,Not worth the price.,4,02/02/25
rev_4153f7f0,29103368,"Average quality, okay for the price.",5,16/04/25
rev_dd0b2de7,30252360,Very poor material.,1,02/03/25
rev_0a9f021f,13782284,Not worth the price.,2,02/04/25
rev_70707ed7,19454018,Color faded after first wash.,3,23/04/25
rev_ad4c7fdc,28768850,Very poor material.,4,20/03/25
rev_0c941657,32397455,Excellent quality and fit!,5,29/03/25
rev_3dc83901,31326606,Exactly as shown. Loved it.,2,09/03/25
rev_d3cc227e,26105542,Excellent quality and fit!,2,13/02/25
rev_8c8d46ab,32600762,"Average quality, okay for the price.",5,09/04/25
rev_18bea114,31628540,Excellent quality and fit!,4,23/02/25
rev_047cb7e1,30163037,Excellent quality and fit!,3,03/03/25
rev_d1c1ef53,28107212,Exactly as shown. Loved it.,4,17/02/25
rev_e5db8f62,31050284,Not worth the price.,1,29/01/25
rev_3a0e6b6f,31765203,Color faded after first wash.,5,27/03/25
rev_a24e69ea,31313264,"Average quality, okay for the price.",4,08/04/25
rev_f54c02de,13126968,"Average quality, okay for the price.",2,14/02/25
rev_724e1686,30866977,Highly recommended!,2,07/04/25
rev_a7cc2fc7,18879888,Very poor material.,3,07/02/25
rev_63221077,29973689,Color faded after first wash.,2,21/02/25
rev_2ecca1a4,12504566,Very poor material.,3,26/01/25
rev_0bab40b7,14637944,Color faded after first wash.,4,22/04/25
rev_2b174ea3,32355594,Color faded after first wash.,5,03/03/25
rev_94284fea,33071863,Delivered late but product is fine.,2,13/02/25
rev_a18c7817,27241402,Very poor material.,4,13/02/25
rev_30f08972,30010478,Very poor material.,2,21/04/25
rev_fbd31b1f,30702439,Excellent quality and fit!,5,30/03/25
rev_cf81e854,33612203,Not worth the price.,1,24/04/25
rev_e10def94,30457953,Color faded after first wash.,2,16/04/25
rev_0ab292d8,31322723,Color faded after first wash.,5,08/03/25
rev_7200f946,32355523,Very poor material.,5,05/02/25
rev_b6ab7d38,30161702,Not worth the price.,4,03/02/25
rev_8da456bc,17396234,Delivered late but product is fine.,3,12/04/25
rev_1c15d0aa,27751380,Excellent quality and fit!,5,08/03/25
rev_df3ada1b,31387113,Very poor material.,4,30/03/25
rev_7b28c8fe,31939531,Excellent quality and fit!,4,23/03/25
rev_1803f1da,30421705,Very poor material.,4,29/03/25
rev_4797340f,18300510,Exactly as shown. Loved it.,2,20/04/25
rev_7333937e,26516490,Delivered late but product is fine.,1,06/03/25
rev_610516cb,27145904,Highly recommended!,3,03/03/25
rev_1e4e4397,33638992,Delivered late but product is fine.,5,24/04/25
rev_4a8b19b3,17352296,Color faded after first wash.,4,27/03/25
rev_5a904b30,31915767,"Average quality, okay for the price.",4,16/04/25
rev_bd97e008,31985706,Excellent quality and fit!,1,04/02/25
rev_49e7a033,23589080,Excellent quality and fit!,2,07/03/25
rev_5261a199,30290861,Color faded after first wash.,1,27/03/25
rev_90769f0e,24759222,Not worth the price.,4,28/03/25
rev_f82001a4,31614919,Excellent quality and fit!,4,10/04/25
rev_20293c8c,28570594,"Average quality, okay for the price.",4,21/04/25
rev_c4722b96,28026626,Exactly as shown. Loved it.,2,26/02/25
rev_6627c039,21981674,Exactly as shown. Loved it.,2,30/01/25
rev_0f34d4c7,30662030,Highly recommended!,4,11/04/25
rev_8dae7ab3,26697906,Very poor material.,4,24/01/25
rev_1d857977,17990342,Highly recommended!,2,17/04/25
rev_916aa6a5,30146240,Excellent quality and fit!,5,09/03/25
rev_c17ccd49,14144378,Delivered late but product is fine.,3,17/02/25
rev_0da85dd9,33243422,Color faded after first wash.,3,23/04/25
rev_2454e4c8,22618052,"Average quality, okay for the price.",5,03/03/25
rev_ce45a85f,30427449,Delivered late but product is fine.,1,14/02/25
rev_cc92617b,30818335,Excellent quality and fit!,4,04/04/25
rev_5aca87a2,21773718,Very poor material.,5,12/03/25
rev_56d6b7aa,32641773,Exactly as shown. Loved it.,4,15/03/25
rev_64d77563,31836849,Excellent quality and fit!,3,29/01/25
rev_91b98259,31123111,Excellent quality and fit!,5,24/01/25
rev_3ec9dfd6,28595086,Very poor material.,2,01/04/25
rev_e4b0ce4d,18726550,Color faded after first wash.,4,24/03/25
rev_3ea9849e,33481113,Delivered late but product is fine.,4,04/03/25
rev_30ed80d8,33528385,Very poor material.,1,14/03/25
rev_d6ae30b6,17664976,Excellent quality and fit!,4,08/02/25
rev_dece8355,32337083,Highly recommended!,4,05/02/25
rev_d8d830c7,32323348,Exactly as shown. Loved it.,4,18/04/25
rev_91b18939,30084788,Delivered late but product is fine.,3,28/03/25
rev_11c75f80,31742176,Exactly as shown. Loved it.,1,27/03/25
rev_903d3ba5,27043340,Excellent quality and fit!,2,01/02/25
rev_11064beb,31977006,"Average quality, okay for the price.",5,16/04/25
rev_43f343ef,19018122,Not worth the price.,4,19/04/25
rev_4f1bfc0a,29963726,Not worth the price.,3,08/02/25
rev_1e0d19bc,17966888,Exactly as shown. Loved it.,1,28/02/25
rev_4b244db1,30318426,Highly recommended!,5,27/01/25
rev_f17067b3,28084066,Delivered late but product is fine.,2,14/02/25
rev_6aa7a488,27922268,Color faded after first wash.,1,06/02/25
rev_1a47f1b6,30790641,Color faded after first wash.,3,15/04/25
rev_d7348870,30699721,"Average quality, okay for the price.",5,25/03/25
rev_f7d65b68,31362921,Very poor material.,2,26/03/25
rev_d9123429,27135196,"Average quality, okay for the price.",2,26/02/25
rev_230ef40a,13203240,Highly recommended!,3,13/03/25
rev_ea7e5912,31677795,Excellent quality and fit!,3,31/01/25
rev_da2e5c0c,31620669,Not worth the price.,2,04/04/25
rev_b4ebdea2,29869636,Delivered late but product is fine.,5,14/02/25
rev_4d5ed509,32361954,Delivered late but product is fine.,3,08/03/25
rev_16ab3771,27729356,"Average quality, okay for the price.",3,19/03/25
rev_3825b428,30846574,"Average quality, okay for the price.",1,25/02/25
rev_d297aa86,27201010,Highly recommended!,2,10/03/25
rev_b45da276,28718616,Color faded after first wash.,2,10/04/25
rev_f15e3aef,32000993,Delivered late but product is fine.,1,08/02/25
rev_60346801,33101371,Exactly as shown. Loved it.,1,18/03/25
rev_242cffbc,31122488,Very poor material.,5,13/02/25
rev_97658c37,11443978,Highly recommended!,1,24/01/25
rev_abec927a,20684944,Delivered late but product is fine.,5,10/02/25
rev_90b7e0c6,31999025,Excellent quality and fit!,1,18/03/25
rev_ead5d0ec,30919823,Highly recommended!,4,26/01/25
rev_72dba8a3,30731130,Not worth the price.,2,15/04/25
rev_a0fca310,13583354,"Average quality, okay for the price.",3,20/04/25
rev_adc66219,33070211,Color faded after first wash.,4,12/03/25
rev_2fd10ae8,32877400,Delivered late but product is fine.,2,11/03/25
rev_9acd1bce,23897108,Excellent quality and fit!,4,18/02/25
rev_09dbded4,27161556,Not worth the price.,4,01/04/25
rev_f94eedea,23628520,Excellent quality and fit!,1,23/03/25
rev_aef36a49,32409560,Not worth the price.,1,13/03/25
rev_26780f1b,31917201,Not worth the price.,5,13/02/25
rev_6918d72e,33394992,Excellent quality and fit!,3,28/01/25
rev_d2e2b41e,25218838,Highly recommended!,2,13/03/25
rev_4ac58a2b,29366774,Highly recommended!,4,17/03/25
rev_0c0e992f,30471038,Highly recommended!,3,03/04/25
rev_8ed4c60f,31415377,Excellent quality and fit!,5,21/04/25
rev_5fb32147,24558200,Very poor material.,3,01/02/25
rev_bf657bbb,30788630,Highly recommended!,3,17/04/25
rev_a450353b,32508056,"Average quality, okay for the price.",5,06/03/25
rev_660ef0f3,32095926,Color faded after first wash.,5,21/04/25
rev_fb7f486e,26758566,"Average quality, okay for the price.",2,28/03/25
rev_3a967718,31428068,Not worth the price.,4,19/04/25
rev_8e05852b,32719031,Highly recommended!,3,09/02/25
rev_ace76e6e,30232624,Delivered late but product is fine.,5,24/03/25
rev_715f8ce6,31184770,Excellent quality and fit!,4,03/03/25
rev_d24b5ae1,27491216,"Average quality, okay for the price.",1,19/02/25
rev_60290eb0,15425032,"Average quality, okay for the price.",5,17/04/25
rev_883e755a,32753380,Delivered late but product is fine.,1,10/03/25
rev_a0c2ddff,19552748,Highly recommended!,3,24/02/25
rev_653ea67a,17330252,"Average quality, okay for the price.",5,05/04/25
rev_9728cc67,26202172,Highly recommended!,2,07/03/25
rev_a44bef6e,31387253,Not worth the price.,2,14/03/25
rev_8f657cc6,21771498,Exactly as shown. Loved it.,3,19/03/25
rev_079ca2a1,29554786,Not worth the price.,4,25/02/25
rev_900f4d1b,26771168,"Average quality, okay for the price.",3,29/01/25
rev_db571e7e,32959092,Delivered late but product is fine.,2,25/02/25
rev_f8dd965a,30010397,Highly recommended!,2,18/03/25
rev_ff5ed8bf,33320153,Delivered late but product is fine.,3,22/02/25
rev_d36859c2,26428808,Highly recommended!,1,13/04/25
rev_37803c0c,32058816,Exactly as shown. Loved it.,1,16/03/25
rev_2bacf7c2,16417914,Exactly as shown. Loved it.,5,13/03/25
rev_122f2b16,32857550,Very poor material.,3,07/02/25
rev_676ded51,31722099,Color faded after first wash.,2,05/02/25
rev_dd674f64,32800118,Exactly as shown. Loved it.,5,26/03/25
rev_c11aeffb,26043530,Not worth the price.,3,04/03/25
rev_c8ee96db,32930972,"Average quality, okay for the price.",5,27/02/25
rev_d71daee6,32351571,Excellent quality and fit!,3,05/03/25
rev_f52f7fb1,28088686,Delivered late but product is fine.,5,24/01/25
rev_de1d2e1a,30777746,"Average quality, okay for the price.",2,24/04/25
rev_6abcd161,31411860,"Average quality, okay for the price.",2,19/04/25
rev_a447e867,30931702,Highly recommended!,3,28/02/25
rev_57eab9c8,33014752,Highly recommended!,1,23/04/25
rev_70b0a1d2,33413874,Exactly as shown. Loved it.,5,15/03/25
rev_ea02559e,26530934,Highly recommended!,5,13/02/25
rev_5c4e81aa,32550247,Not worth the price.,2,06/02/25
rev_a245b836,16561124,Not worth the price.,1,18/03/25
rev_58f0acfd,31938622,Delivered late but product is fine.,5,15/04/25
rev_55273d7f,30306453,Color faded after first wash.,1,01/02/25
rev_852a5571,26912054,Highly recommended!,2,08/04/25
rev_b8965d2a,33305442,Delivered late but product is fine.,3,09/03/25
rev_caa7cb2b,32486107,Excellent quality and fit!,4,14/02/25
rev_ad66d2b8,31411627,Highly recommended!,5,13/03/25
rev_05ac2345,31607801,Very poor material.,1,21/02/25
rev_59663316,19926374,Exactly as shown. Loved it.,5,30/03/25
rev_a78f0910,25827444,Not worth the price.,3,19/02/25
rev_d80357f1,25952880,Excellent quality and fit!,3,12/03/25
rev_0a49a9f0,23370004,Very poor material.,1,12/02/25
rev_81745ea6,32113891,Delivered late but product is fine.,3,21/02/25
rev_842274d0,31066053,"Average quality, okay for the price.",4,03/04/25
rev_928d2f55,24943476,Excellent quality and fit!,1,04/03/25
rev_89a44536,31359273,Excellent quality and fit!,4,01/04/25
rev_e5326dbc,30084126,Not worth the price.,2,25/03/25
rev_43f628ba,31596792,Excellent quality and fit!,3,28/01/25
rev_712bc2fa,30698572,Highly recommended!,5,24/03/25
rev_35460000,26616784,Exactly as shown. Loved it.,4,05/04/25
rev_a276af90,23660462,Very poor material.,3,23/04/25
rev_568ec147,26337770,Delivered late but product is fine.,2,27/02/25
rev_eb93dc1a,21979486,Very poor material.,3,20/02/25
rev_6783af19,26332636,Exactly as shown. Loved it.,3,02/04/25
rev_960dc2f4,24723038,"Average quality, okay for the price.",3,02/03/25
rev_4041ee1b,19981710,Highly recommended!,2,06/04/25
rev_b694f362,31036717,Exactly as shown. Loved it.,4,06/03/25
rev_d31840f6,23766110,Excellent quality and fit!,2,24/01/25
rev_0e08ba64,32563840,Delivered late but product is fine.,2,21/02/25
rev_47832dc6,24876324,Exactly as shown. Loved it.,2,16/03/25
rev_74b35edb,33571067,Color faded after first wash.,1,24/01/25
rev_5b97d779,31750664,Excellent quality and fit!,4,11/03/25
rev_f591cb65,24950852,Exactly as shown. Loved it.,3,20/04/25
rev_e4d3d3bc,23800868,"Average quality, okay for the price.",5,30/03/25
rev_63b7d302,22856398,Color faded after first wash.,4,18/04/25
rev_bdc8c933,25738600,Color faded after first wash.,2,17/04/25
rev_604a73f3,31722748,Color faded after first wash.,5,09/04/25
rev_488c249e,22609800,Excellent quality and fit!,1,22/04/25
rev_b4969e11,31574034,Exactly as shown. Loved it.,1,06/03/25
rev_89e7ba20,31174420,Very poor material.,2,23/02/25
rev_93c2448a,21916722,Exactly as shown. Loved it.,5,21/03/25
rev_264ff24d,31820732,Highly recommended!,1,05/04/25
rev_85522586,28133398,"Average quality, okay for the price.",1,21/03/25
rev_873ffbc7,31569567,Highly recommended!,2,12/03/25
rev_ac0396e7,25984926,Very poor material.,1,05/04/25
rev_460c1f1a,30398467,Exactly as shown. Loved it.,2,15/02/25
rev_9b5c8eb5,30491098,Not worth the price.,2,24/02/25
rev_1bbd5149,32522782,Very poor material.,2,19/02/25
rev_c4260303,33039886,"Average quality, okay for the price.",3,07/02/25
rev_e9d78f17,30588169,"Average quality, okay for the price.",2,11/02/25
rev_03e3c8fb,25345270,"Average quality, okay for the price.",4,15/02/25
rev_86c5885f,31113880,Exactly as shown. Loved it.,2,02/04/25
rev_8512e981,31326547,Not worth the price.,4,11/03/25
rev_93bc4b1b,32339378,Not worth the price.,1,06/04/25
rev_711b1576,30491098,Exactly as shown. Loved it.,1,04/04/25
rev_38e73fd6,26556882,Very poor material.,1,14/02/25
rev_8ae8f238,25636296,Exactly as shown. Loved it.,5,06/02/25
rev_eccdb745,27989780,Not worth the price.,5,05/03/25
rev_90bd1741,31571116,Exactly as shown. Loved it.,3,27/01/25
rev_cff25040,32211519,Exactly as shown. Loved it.,2,07/04/25
rev_837a3152,29226794,"Average quality, okay for the price.",2,29/01/25
rev_5d8dc147,25807050,Very poor material.,3,03/02/25
rev_8896f5d0,33368583,"Average quality, okay for the price.",2,25/03/25
rev_752816de,31222890,Excellent quality and fit!,1,30/03/25
rev_1c436a10,28062366,Exactly as shown. Loved it.,3,28/03/25
rev_07c2ded9,30704649,Delivered late but product is fine.,3,22/02/25
rev_bc59b0b8,33070118,Not worth the price.,5,21/02/25
rev_506f7d69,29970465,Highly recommended!,5,01/04/25
rev_48057e2b,32089811,"Average quality, okay for the price.",2,31/01/25
rev_ca8e6e76,30591344,Exactly as shown. Loved it.,3,26/02/25
rev_6c30c504,33455083,Color faded after first wash.,2,21/02/25
rev_86507c0e,32686744,Color faded after first wash.,2,22/03/25
rev_284aca59,31484244,Not worth the price.,1,15/04/25
rev_e9e87a23,29216338,Excellent quality and fit!,4,09/03/25
rev_bb69f5ee,30719522,"Average quality, okay for the price.",5,20/02/25
rev_5b147be6,31504674,Color faded after first wash.,1,27/03/25
rev_61855837,22194222,Highly recommended!,1,09/03/25
rev_53654747,31773201,Very poor material.,4,21/02/25
rev_0d5bbfca,16682532,Color faded after first wash.,1,28/03/25
rev_15c31b02,21498972,Very poor material.,2,17/02/25
rev_094a1e0a,31799847,Very poor material.,5,21/03/25
rev_7e8a14b7,21369072,Excellent quality and fit!,4,27/02/25
rev_9f76e2de,31189847,Delivered late but product is fine.,3,18/03/25
rev_4f9fb2d3,21180002,Excellent quality and fit!,5,12/04/25
rev_60547acf,27930850,Not worth the price.,5,28/01/25
rev_c06bb9b0,21188250,Exactly as shown. Loved it.,4,06/03/25
rev_136baeed,24977454,Very poor material.,5,08/04/25
rev_d9ad4eac,32756719,Excellent quality and fit!,5,20/04/25
rev_91532940,26095870,Delivered late but product is fine.,2,12/04/25
rev_7dd8f6d4,31538287,Very poor material.,2,09/04/25
rev_ee49a35a,32249748,Very poor material.,2,27/03/25
rev_2f8d60cc,31015042,Highly recommended!,1,16/02/25
rev_f5a2fc50,27043180,Excellent quality and fit!,2,21/03/25
rev_faae6d43,22944574,Exactly as shown. Loved it.,3,08/03/25
rev_491f293b,25992756,Very poor material.,4,10/02/25
rev_10662f98,31123387,Delivered late but product is fine.,5,28/02/25
rev_2f3da743,32506435,Delivered late but product is fine.,1,22/03/25
rev_9e411ea1,32372730,Not worth the price.,2,26/03/25
rev_eb835781,32613960,Highly recommended!,3,28/01/25
rev_decf3bd9,30992908,"Average quality, okay for the price.",2,30/01/25
rev_957fbd84,31066425,Not worth the price.,5,23/02/25
rev_fa03a5d8,26556882,Highly recommended!,2,22/03/25
rev_6bc36127,31973494,"Average quality, okay for the price.",1,24/03/25
rev_5bf93c24,27344052,Highly recommended!,2,16/03/25
rev_510beace,31934442,Delivered late but product is fine.,1,03/03/25
rev_02641933,30074831,Delivered late but product is fine.,3,27/01/25
rev_9c9c501a,18062816,Exactly as shown. Loved it.,2,24/04/25
rev_27ef5f74,25002200,Delivered late but product is fine.,5,28/03/25
rev_133b5fa8,33571067,Not worth the price.,1,22/03/25
rev_2d827828,33007181,Delivered late but product is fine.,1,05/03/25
rev_5c26dc4b,29664354,Very poor material.,3,02/03/25
rev_af929945,26908870,Excellent quality and fit!,1,09/02/25
rev_cbefd387,32047344,Very poor material.,4,15/02/25
rev_f86573e4,31112736,Excellent quality and fit!,2,02/02/25
rev_59a75b6a,31174452,Highly recommended!,3,19/02/25
rev_334e8dc7,31352306,Color faded after first wash.,1,23/04/25
rev_1a59808b,30007169,Exactly as shown. Loved it.,1,13/02/25
rev_443042c5,30998647,Delivered late but product is fine.,1,13/04/25
rev_46b72ff2,29907616,Color faded after first wash.,3,11/03/25
rev_f00b3cf4,29920340,Exactly as shown. Loved it.,3,22/04/25
rev_d125af89,32074066,Very poor material.,5,07/04/25
rev_390d5f75,31112645,Excellent quality and fit!,3,17/03/25
rev_c8d665fa,31149587,Color faded after first wash.,4,15/04/25
rev_67c1ff6c,28978918,Exactly as shown. Loved it.,3,06/03/25
rev_0b627353,18175274,Highly recommended!,5,27/03/25
rev_7dc9fdd5,30010371,Excellent quality and fit!,2,22/03/25
rev_089352d0,32339967,Delivered late but product is fine.,1,23/02/25
rev_ea0c2238,31196569,Delivered late but product is fine.,5,07/03/25
rev_656a3287,31769213,Delivered late but product is fine.,3,24/04/25
rev_135068a6,10868192,Very poor material.,4,28/02/25
rev_355bfb2a,31028017,Highly recommended!,3,05/02/25
rev_fcba1c59,32342460,Very poor material.,2,10/03/25
rev_30dc752e,31069764,Not worth the price.,1,22/04/25
rev_7d1ef758,30323496,Delivered late but product is fine.,5,13/04/25
rev_be090b39,24393396,Highly recommended!,3,01/02/25
rev_6e3ea8a0,32001846,"Average quality, okay for the price.",1,04/04/25
rev_7774c16a,21847642,Color faded after first wash.,2,11/02/25
rev_d9361543,31596624,Color faded after first wash.,5,09/03/25
rev_df290487,24615744,"Average quality, okay for the price.",2,01/03/25
rev_8160bbd3,31845318,"Average quality, okay for the price.",2,06/04/25
rev_63839b17,31101720,"Average quality, okay for the price.",1,15/04/25
rev_ebc1b768,31574546,Exactly as shown. Loved it.,1,17/03/25
rev_c0764d62,27372320,"Average quality, okay for the price.",5,18/03/25
rev_47c82c3c,26239914,Excellent quality and fit!,2,07/02/25
rev_00c43799,22051064,Delivered late but product is fine.,4,09/03/25
rev_2467cf6d,19633092,"Average quality, okay for the price.",1,30/01/25
rev_b4b75c4f,26611380,Color faded after first wash.,3,25/03/25
rev_30c27423,14641188,Delivered late but product is fine.,2,31/01/25
rev_bb9de9a8,30392733,Exactly as shown. Loved it.,1,02/02/25
rev_78b0c712,23290504,"Average quality, okay for the price.",4,22/03/25
rev_dd9e78cc,15313802,Delivered late but product is fine.,3,14/04/25
rev_39bfc6ca,25067594,Color faded after first wash.,1,25/01/25
rev_6f1de225,29440208,"Average quality, okay for the price.",2,04/02/25
rev_3e0ab564,26264118,Not worth the price.,4,19/03/25
rev_dc30301b,21849584,Color faded after first wash.,5,12/04/25
rev_f61aea74,22807854,Very poor material.,4,25/01/25
rev_3d03d5f3,30788630,Not worth the price.,3,04/02/25
rev_9125e222,24760724,Exactly as shown. Loved it.,5,10/03/25
rev_2aa8b591,30437716,Excellent quality and fit!,1,25/02/25
rev_ed3d99b4,29978104,Highly recommended!,1,04/02/25
rev_2c0fbe70,33359856,Delivered late but product is fine.,3,07/02/25
rev_3870b43c,24086520,Very poor material.,5,26/01/25
rev_6de4b829,27138986,Highly recommended!,1,26/03/25
rev_7cb2586b,29669112,Very poor material.,4,14/02/25
rev_c3cb6075,19903776,Excellent quality and fit!,4,25/03/25
rev_d6a1c998,29896825,Exactly as shown. Loved it.,4,19/04/25
rev_1a122162,31239136,Exactly as shown. Loved it.,4,09/02/25
rev_d5c8b91c,26272850,Color faded after first wash.,1,21/02/25
rev_8ab8ef5e,33162589,Color faded after first wash.,3,24/02/25
rev_ccb87a31,28052362,Highly recommended!,4,24/04/25
rev_113d76d7,32694112,Very poor material.,3,25/02/25
rev_cf4ab800,32815921,Not worth the price.,3,18/03/25
rev_500fd720,14804244,Very poor material.,2,10/04/25
rev_d7545ce9,24842698,Very poor material.,2,05/04/25
rev_5705e5b5,29901102,Exactly as shown. Loved it.,4,14/04/25
rev_fe8d863b,31323516,Very poor material.,2,02/04/25
rev_9a7d8e6a,31362864,Exactly as shown. Loved it.,5,15/02/25
rev_b29a9ee8,23582300,Excellent quality and fit!,3,25/01/25
rev_c2791195,25324396,Very poor material.,5,03/02/25
rev_c554c1fd,27038884,Excellent quality and fit!,1,18/02/25
rev_768971f7,26701530,"Average quality, okay for the price.",4,22/03/25
rev_16a32ec2,20223524,Color faded after first wash.,1,30/03/25
rev_e00909cd,21238822,Excellent quality and fit!,1,13/02/25
rev_4823573a,32530659,Excellent quality and fit!,4,07/04/25
rev_03798eb3,32815089,Delivered late but product is fine.,2,08/03/25
rev_c863c790,28408310,Exactly as shown. Loved it.,3,12/03/25
rev_b6ff88c8,26648706,Highly recommended!,2,20/03/25
rev_21d6c72f,30846567,Color faded after first wash.,2,14/04/25
rev_0c63b304,31639673,Exactly as shown. Loved it.,3,06/04/25
rev_a95535c8,26095870,"Average quality, okay for the price.",1,27/01/25
rev_0bb13f62,31607801,Exactly as shown. Loved it.,3,20/04/25
rev_42615616,31598736,Color faded after first wash.,3,27/03/25
rev_38898a08,22241944,"Average quality, okay for the price.",2,16/04/25
rev_b93f08e3,30119705,"Average quality, okay for the price.",5,20/04/25
rev_77706e51,29947087,Excellent quality and fit!,3,06/02/25
rev_8f2f5b7d,31986580,"Average quality, okay for the price.",5,13/04/25
rev_88b2fdf3,32713082,"Average quality, okay for the price.",3,12/03/25
rev_43ef8ee5,30912304,Excellent quality and fit!,5,13/03/25
rev_f0cd5ea4,32113891,"Average quality, okay for the price.",3,31/01/25
rev_7b243210,27673922,Highly recommended!,5,12/03/25
rev_6decf560,27782424,Delivered late but product is fine.,3,13/04/25
rev_82512180,29967061,Color faded after first wash.,3,16/03/25
rev_772853b1,29970920,Not worth the price.,2,30/03/25
rev_8488aef8,30600552,"Average quality, okay for the price.",3,03/04/25
rev_e8d35d3b,32321431,Exactly as shown. Loved it.,5,19/04/25
rev_8f51715b,30161706,Exactly as shown. Loved it.,3,06/02/25
rev_c90de2bd,17046116,Exactly as shown. Loved it.,5,07/02/25
rev_04f6b489,11160642,Delivered late but product is fine.,5,07/02/25
rev_613b2f64,11607044,Very poor material.,3,14/02/25
rev_fe942a70,27633562,Exactly as shown. Loved it.,4,23/03/25
rev_7c4e2c89,30209638,Very poor material.,3,06/04/25
rev_53c88d25,30525899,"Average quality, okay for the price.",3,24/02/25
rev_98429a6c,28965262,Excellent quality and fit!,2,28/03/25
rev_7a0751d0,32857756,Excellent quality and fit!,5,28/01/25
rev_4de128d0,30620959,Excellent quality and fit!,3,29/01/25
rev_5a31cf74,31113879,Exactly as shown. Loved it.,4,17/02/25
rev_5059244b,29001224,Delivered late but product is fine.,4,28/03/25
rev_132f2729,26771110,Not worth the price.,5,07/03/25
rev_4c521f34,29793366,Highly recommended!,2,20/04/25
rev_355f31f1,24029886,Color faded after first wash.,1,13/03/25
rev_b9f2e6ad,28553536,Very poor material.,4,11/02/25
rev_085b164c,32686698,Delivered late but product is fine.,4,09/04/25
rev_7c3af1fc,25178156,Highly recommended!,1,08/04/25
rev_d1b27db7,23286324,Highly recommended!,4,20/04/25
rev_982a0e05,32796279,Not worth the price.,1,15/03/25
rev_c21e8797,19203018,Exactly as shown. Loved it.,3,22/03/25
rev_c0534649,28383478,Delivered late but product is fine.,1,27/01/25
rev_fd68c6e4,32494360,Excellent quality and fit!,4,30/03/25
rev_c7cf6b6d,27316014,Color faded after first wash.,2,24/03/25
rev_36f4787c,28553196,Highly recommended!,1,20/04/25
rev_3539dc5e,29541204,Not worth the price.,4,25/02/25
rev_cb187a80,28164812,Color faded after first wash.,4,21/02/25
rev_0a7a40ce,32249748,Delivered late but product is fine.,1,21/04/25
rev_04f7dd53,30006329,Color faded after first wash.,3,04/04/25
rev_6cae9293,30493773,Highly recommended!,1,24/04/25
rev_03f4e1be,32026604,Not worth the price.,1,13/03/25
rev_21f4a69a,31174853,Exactly as shown. Loved it.,4,06/02/25
rev_587b29bd,31329379,Excellent quality and fit!,5,27/02/25
rev_a4661351,33059726,Highly recommended!,4,16/02/25
rev_4bdf59cd,30125742,Very poor material.,1,09/03/25
rev_d1bfb7b9,21742194,Very poor material.,2,28/01/25
rev_2488e631,31233677,Exactly as shown. Loved it.,2,24/04/25
rev_658fd309,32439040,"Average quality, okay for the price.",5,16/03/25
rev_25a83c50,31818691,Highly recommended!,5,14/04/25
rev_860a5886,22709844,Not worth the price.,3,10/02/25
rev_7601e05b,25251126,Very poor material.,2,30/01/25
rev_ee91da61,31415537,Not worth the price.,2,03/02/25
rev_d9122424,32550247,Not worth the price.,5,07/03/25
rev_019a7d8d,23876918,Color faded after first wash.,4,13/03/25
rev_a705583c,11261260,Highly recommended!,2,08/04/25
rev_1622dd5d,33585746,Very poor material.,3,31/03/25
rev_9c220927,30425212,Not worth the price.,1,27/03/25
rev_07fac463,31794102,Color faded after first wash.,4,18/02/25
rev_3e19c693,21112412,Highly recommended!,2,12/03/25
rev_5a8168fa,1898611,Excellent quality and fit!,3,01/03/25
rev_1faf2e6f,13594668,Very poor material.,5,20/04/25
rev_110b5033,25081166,Highly recommended!,4,17/02/25
rev_6bcd113a,26146428,Very poor material.,4,10/02/25
rev_497eda1f,25281820,Excellent quality and fit!,3,11/03/25
rev_b7ebc181,28693598,Color faded after first wash.,1,27/03/25
rev_b1788112,20162766,Color faded after first wash.,5,02/02/25
rev_d4e04036,32493808,Excellent quality and fit!,4,06/04/25
rev_0021a524,29585822,"Average quality, okay for the price.",5,04/04/25
rev_90807f00,12390212,Exactly as shown. Loved it.,2,13/04/25
rev_076b8523,24100096,Highly recommended!,3,19/03/25
rev_16697b07,28933452,Color faded after first wash.,5,15/03/25
rev_54b9ebfc,27507570,"Average quality, okay for the price.",3,22/04/25
rev_dd6b0826,31386857,Highly recommended!,1,25/02/25
rev_50f92e19,26291478,"Average quality, okay for the price.",4,06/04/25
rev_83c939d3,30077056,Very poor material.,3,07/02/25
rev_56c87706,30646238,Exactly as shown. Loved it.,4,05/04/25
rev_25fb580e,29021806,"Average quality, okay for the price.",2,05/04/25
rev_ec13345f,13180132,Highly recommended!,2,29/03/25
rev_37dc8d19,31058795,Very poor material.,3,27/02/25
rev_bf7ed9a3,25992764,"Average quality, okay for the price.",1,03/04/25
rev_ec40ab09,31174430,Very poor material.,2,26/02/25
rev_339be28f,27201010,Not worth the price.,2,28/01/25
rev_9836ee8d,25003320,Color faded after first wash.,5,14/03/25
rev_4de8722a,26891532,Exactly as shown. Loved it.,3,16/02/25
rev_0a666ca9,11904108,Delivered late but product is fine.,3,26/02/25
rev_7b546d7a,30069290,Color faded after first wash.,1,14/03/25
rev_78848bc5,32378167,Not worth the price.,2,25/02/25
rev_147a5d9b,20676814,Not worth the price.,1,20/03/25
rev_90889e58,33162281,Excellent quality and fit!,1,24/01/25
rev_8425ae9f,32100275,Very poor material.,4,03/02/25
rev_df850ff1,31386951,Exactly as shown. Loved it.,5,06/03/25
rev_d8d9fceb,30916899,Very poor material.,5,09/03/25
rev_48c1d1e5,26706638,Delivered late but product is fine.,4,03/03/25
rev_555ef442,28086692,Highly recommended!,3,23/02/25
rev_46ba38dc,30817774,Color faded after first wash.,5,19/02/25
rev_616e4415,13594668,Highly recommended!,3,28/01/25
rev_f4609f20,30849914,Excellent quality and fit!,3,23/03/25
rev_d78be6b6,31926599,Delivered late but product is fine.,2,10/02/25
rev_2811570d,24061950,Not worth the price.,4,27/01/25
rev_f1153fab,30403594,Very poor material.,1,21/02/25
rev_e59e5f84,31739709,"Average quality, okay for the price.",2,08/02/25
rev_4bba5e9e,32867201,Delivered late but product is fine.,1,03/03/25
rev_9ee81ffb,31338523,Exactly as shown. Loved it.,3,27/03/25
rev_d7002cd4,30848386,Highly recommended!,5,26/02/25
rev_11c7fb7a,29782686,Color faded after first wash.,4,08/03/25
rev_229cff7f,29046800,Color faded after first wash.,5,22/02/25
rev_e9dafea1,31369729,Delivered late but product is fine.,4,25/02/25
rev_32bc26ff,32756719,Excellent quality and fit!,4,29/01/25
rev_e1ee2783,33035586,Highly recommended!,1,05/04/25
rev_18c491ab,32147862,Highly recommended!,2,17/04/25
rev_f44f1a91,31486346,Very poor material.,5,28/01/25
rev_bea1b56b,30026560,Color faded after first wash.,1,05/03/25
rev_66e3702a,31184797,Highly recommended!,3,28/03/25
rev_17195f7c,26428054,"Average quality, okay for the price.",1,18/02/25
rev_cf8c3ddb,31363152,Very poor material.,2,28/01/25
rev_3ccb4ef5,32786803,Exactly as shown. Loved it.,5,04/02/25
rev_f1d6bd2d,26732576,Highly recommended!,1,02/02/25
rev_6897eed4,31023319,"Average quality, okay for the price.",3,26/02/25
rev_5dbeaf22,31275203,Excellent quality and fit!,4,18/03/25
rev_aabcd420,24585854,Highly recommended!,3,07/03/25
rev_7ac763f3,32024019,Delivered late but product is fine.,4,06/04/25
rev_accf16db,31370870,Delivered late but product is fine.,4,30/03/25
rev_6a7b7210,20577368,Delivered late but product is fine.,2,29/03/25
rev_7ae6edeb,31614919,Exactly as shown. Loved it.,3,10/02/25
rev_ac5a934e,15784792,Highly recommended!,3,13/04/25
rev_1e7bc933,25092836,Highly recommended!,3,24/04/25
rev_b28387e8,31613979,Color faded after first wash.,4,19/03/25
rev_a3b80984,32755421,Very poor material.,3,20/02/25
rev_1bb68e98,32557628,Exactly as shown. Loved it.,1,14/04/25
rev_836c9316,30847635,Delivered late but product is fine.,2,09/02/25
rev_455bbd70,32643071,Color faded after first wash.,4,09/04/25
rev_bc80ce20,31016509,"Average quality, okay for the price.",5,16/03/25
rev_51fe65c0,32063716,Exactly as shown. Loved it.,4,19/02/25
rev_b45d52cd,27736076,"Average quality, okay for the price.",3,16/02/25
rev_58d35757,31035950,Not worth the price.,4,25/01/25
rev_3b13e65c,32582472,Delivered late but product is fine.,1,06/02/25
rev_a4983ec0,33281207,Delivered late but product is fine.,3,21/02/25
rev_80fe5f5e,29967354,"Average quality, okay for the price.",2,16/04/25
rev_60c9ef1a,13823726,Excellent quality and fit!,2,29/01/25
rev_462b5c69,29896839,Not worth the price.,5,29/01/25
rev_e218f782,30621002,Excellent quality and fit!,4,20/04/25
rev_4801af45,19190500,Excellent quality and fit!,5,03/03/25
rev_83ed4561,32156945,Excellent quality and fit!,2,29/03/25
rev_08d6a6df,26531458,"Average quality, okay for the price.",1,07/04/25
rev_b3aeed31,25178154,Highly recommended!,1,23/03/25
rev_1d17b3f6,31370836,Very poor material.,1,21/04/25
rev_0e2989ce,31275201,Color faded after first wash.,3,25/03/25
rev_dd94fb4c,30536821,Very poor material.,3,02/03/25
rev_0b0c8eb0,30321626,Exactly as shown. Loved it.,3,11/03/25
rev_045a952c,32718613,Not worth the price.,1,28/01/25
rev_cda231ac,31263058,Color faded after first wash.,1,15/03/25
rev_9fc42eb9,30145721,Color faded after first wash.,3,20/02/25
rev_8685b45c,29620770,Excellent quality and fit!,1,16/02/25
rev_8916880e,31607801,Delivered late but product is fine.,4,24/01/25
rev_101c16cd,30586984,Delivered late but product is fine.,3,12/04/25
rev_5b771982,32512568,Very poor material.,4,30/01/25
rev_e728f414,31569150,Highly recommended!,2,01/02/25
rev_74183d59,27624538,Color faded after first wash.,3,01/02/25
rev_e0c0d6ab,15615862,Exactly as shown. Loved it.,3,03/02/25
rev_a1b102df,31966206,Exactly as shown. Loved it.,3,13/04/25
rev_271e8810,32819701,Excellent quality and fit!,3,02/02/25
rev_b9bfe241,31568335,Delivered late but product is fine.,4,09/03/25
rev_af497a24,27478580,Not worth the price.,4,06/03/25
rev_f76957bf,4438814,Exactly as shown. Loved it.,5,26/01/25
rev_66e26b01,30731247,Not worth the price.,3,27/01/25
rev_0255c918,24030490,"Average quality, okay for the price.",3,20/02/25
rev_bb201723,32857768,Highly recommended!,5,22/02/25
rev_68dc585a,33578521,Highly recommended!,1,11/02/25
rev_c449d773,31868733,Exactly as shown. Loved it.,4,01/02/25
rev_facd6d50,25841290,Highly recommended!,1,27/03/25
rev_a2bb6fc5,30937383,Exactly as shown. Loved it.,3,18/04/25
rev_26832672,23313414,Exactly as shown. Loved it.,1,22/03/25
rev_5e514dbd,32930972,Color faded after first wash.,2,01/04/25
rev_d1326d52,10968502,Excellent quality and fit!,5,17/04/25
rev_32add275,31598539,"Average quality, okay for the price.",2,09/03/25
rev_d3c1cd43,30928860,Delivered late but product is fine.,4,04/04/25
rev_32971d0c,32213493,Excellent quality and fit!,5,10/02/25
rev_53cf03b8,31174898,Exactly as shown. Loved it.,2,08/02/25
rev_d49dd05f,15038554,Highly recommended!,1,04/02/25
rev_2e45423d,32213485,Highly recommended!,3,04/02/25
rev_77793521,31184762,Delivered late but product is fine.,3,11/03/25
rev_6363fa00,32580451,Not worth the price.,4,29/01/25
rev_6ac1d0ab,32421213,"Average quality, okay for the price.",2,30/01/25
rev_740c3a2c,22043978,Excellent quality and fit!,1,11/02/25
rev_6e1b2a50,29412326,Exactly as shown. Loved it.,3,12/04/25
rev_b5795f52,25808464,Highly recommended!,1,04/04/25
rev_1d0f6c03,18247754,Highly recommended!,1,05/04/25
rev_2b61915e,26893758,"Average quality, okay for the price.",4,11/04/25
rev_4d7b25ae,32339387,Not worth the price.,3,10/02/25
rev_cc42f2c6,30925647,Excellent quality and fit!,5,15/04/25
rev_980c8068,29859156,Very poor material.,5,17/04/25
rev_d4110f2e,32863393,Delivered late but product is fine.,3,15/03/25
rev_236a3399,29960130,"Average quality, okay for the price.",2,14/04/25
rev_15a4124d,30775628,Color faded after first wash.,2,02/03/25
rev_3c5307cf,15576858,Highly recommended!,2,26/01/25
rev_576b7a56,27411556,Exactly as shown. Loved it.,3,29/01/25
rev_d371c784,31873132,Not worth the price.,3,31/03/25
rev_b83619ad,30875458,Excellent quality and fit!,2,04/02/25
rev_ae36994c,32644008,Excellent quality and fit!,3,11/03/25
rev_631bfcc4,29912103,Color faded after first wash.,1,30/03/25
rev_353849e8,29936229,Very poor material.,5,19/02/25
rev_fd5ae3bc,30390555,Delivered late but product is fine.,2,02/03/25
rev_e961d736,32047232,Excellent quality and fit!,1,02/03/25
rev_2757426a,27201308,Highly recommended!,3,25/03/25
rev_0bd4f692,21401784,Excellent quality and fit!,1,12/04/25
rev_6a103088,30018937,Color faded after first wash.,1,06/02/25
rev_d8588168,30621002,Very poor material.,3,29/03/25
rev_23ec1de5,32257032,Exactly as shown. Loved it.,3,02/02/25
rev_fb5cb73f,32247214,Delivered late but product is fine.,3,11/04/25
rev_21f27454,14780882,Color faded after first wash.,1,25/03/25
rev_591128ed,17289046,"Average quality, okay for the price.",5,11/04/25
rev_b33cb7ca,21790266,Color faded after first wash.,2,13/02/25
rev_20d67a5e,30371902,Color faded after first wash.,3,24/03/25
rev_640c3332,17289046,Excellent quality and fit!,2,07/03/25
rev_c504da45,25332180,Delivered late but product is fine.,1,20/04/25
rev_3aedcda9,27729356,Excellent quality and fit!,3,25/02/25
rev_d903ca51,30886230,"Average quality, okay for the price.",2,20/04/25
rev_290befe9,31078903,Not worth the price.,4,17/02/25
rev_0257dddf,24095856,"Average quality, okay for the price.",4,11/02/25
rev_5288fe97,26022740,Highly recommended!,2,11/03/25
rev_7344288c,28596262,Color faded after first wash.,5,31/03/25
rev_25339143,21860734,Exactly as shown. Loved it.,5,02/04/25
rev_35c0dc51,24989322,Color faded after first wash.,1,17/02/25
rev_d7903683,21179282,Very poor material.,1,06/03/25
rev_6cd31708,32323348,Color faded after first wash.,5,31/01/25
rev_2dacf35e,31015691,Exactly as shown. Loved it.,4,15/02/25
rev_066724c4,31149587,Not worth the price.,5,12/02/25
rev_baee0947,24483398,"Average quality, okay for the price.",4,26/01/25
rev_42f9c912,30769603,Highly recommended!,3,22/02/25
rev_146d3f96,31009347,"Average quality, okay for the price.",4,03/03/25
rev_6b8c30e3,27631334,Not worth the price.,4,27/03/25
rev_5c5df6f1,18108050,Delivered late but product is fine.,5,06/03/25
rev_a96a33da,30967876,Excellent quality and fit!,2,28/03/25
rev_1c759bef,31129832,Color faded after first wash.,5,25/03/25
rev_2f111f76,31405793,"Average quality, okay for the price.",4,19/03/25
rev_ed5e9906,29936238,Delivered late but product is fine.,1,17/04/25
rev_730ba4ac,30232631,Color faded after first wash.,2,14/04/25
rev_d8812a04,20631100,Not worth the price.,2,06/02/25
rev_73629a2c,24029888,Delivered late but product is fine.,2,24/01/25
rev_01d2ae77,29534124,Highly recommended!,3,20/02/25
rev_54c4f992,33061012,Very poor material.,4,10/02/25
rev_3a32a849,24860490,Very poor material.,3,11/04/25
rev_8ccf8b02,11369806,"Average quality, okay for the price.",1,18/02/25
rev_853e7113,31601030,Very poor material.,1,06/04/25
rev_b9991ab0,21643198,Very poor material.,1,06/04/25
rev_baef47dc,32643946,Exactly as shown. Loved it.,2,29/01/25
rev_91ad07dc,25374342,Very poor material.,4,24/01/25
rev_7ed2fc43,32155468,Color faded after first wash.,4,01/04/25
rev_080cfb63,32723851,Highly recommended!,3,06/04/25
rev_c59015d7,31376602,Exactly as shown. Loved it.,4,06/02/25
rev_0b601c66,31722503,"Average quality, okay for the price.",2,28/01/25
rev_6d3ff429,31376648,Very poor material.,2,12/04/25
rev_c784f72a,2028078,Excellent quality and fit!,4,21/04/25
rev_eb41efb3,31352306,Highly recommended!,3,02/02/25
rev_344e6caf,30390191,Very poor material.,4,25/02/25
rev_2b3da3f5,30480100,"Average quality, okay for the price.",2,12/04/25
rev_be5f926f,30872918,Excellent quality and fit!,2,28/02/25
rev_6fd9c18d,29902121,Very poor material.,1,15/03/25
rev_c6d0172a,31650283,Color faded after first wash.,2,11/02/25
rev_d4df2901,26697906,Excellent quality and fit!,5,14/02/25
rev_43504dc5,22915886,Highly recommended!,3,16/02/25
rev_ee10bb28,21901114,Highly recommended!,3,19/02/25
rev_09db2db6,32047381,"Average quality, okay for the price.",3,24/03/25
rev_109a4a04,29837945,Not worth the price.,4,17/04/25
rev_8228a067,31625475,Delivered late but product is fine.,4,20/04/25
rev_c35eeb8f,14064242,Exactly as shown. Loved it.,5,13/02/25
rev_f5ef3c67,30438539,Delivered late but product is fine.,1,07/03/25
rev_7171bf3e,31539928,"Average quality, okay for the price.",2,24/04/25
rev_86034684,25738600,"Average quality, okay for the price.",1,28/03/25
rev_4fb50f18,27989780,Exactly as shown. Loved it.,4,10/04/25
rev_d62c2830,24789872,Delivered late but product is fine.,3,10/02/25
rev_8cb81ef0,31112875,Highly recommended!,3,14/03/25
rev_60d98065,27989772,"Average quality, okay for the price.",5,16/02/25
rev_8f67497a,26209124,Highly recommended!,5,14/03/25
rev_67fec213,22328700,Delivered late but product is fine.,5,21/02/25
rev_ba8d502b,30997575,Color faded after first wash.,3,27/02/25
rev_a17ab187,32315102,Exactly as shown. Loved it.,4,27/01/25
rev_5df566d1,30311969,"Average quality, okay for the price.",3,29/03/25
rev_abb1b960,31174976,Very poor material.,1,11/04/25
rev_63ae2fbc,22667984,Not worth the price.,5,22/02/25
rev_29d2b425,30063542,Not worth the price.,5,26/02/25
rev_d6a5c73a,31538423,Color faded after first wash.,4,12/04/25
rev_50124159,32146732,Delivered late but product is fine.,1,11/04/25
rev_2c034516,15615862,Very poor material.,4,22/02/25
rev_e1444ecf,26137184,Not worth the price.,2,17/02/25
rev_ba460d17,28765346,Delivered late but product is fine.,4,02/03/25
rev_7a397cf7,15382932,"Average quality, okay for the price.",5,25/01/25
rev_c89b9c87,23557086,Color faded after first wash.,5,21/04/25
rev_14deb237,31379789,Excellent quality and fit!,1,21/02/25
rev_7fef5ae2,24801436,Highly recommended!,3,21/02/25
rev_00737d9a,29534134,Exactly as shown. Loved it.,4,25/02/25
rev_2005af50,33270446,Excellent quality and fit!,4,05/03/25
rev_3928a98c,29606266,Very poor material.,5,11/04/25
rev_ba964de5,32865761,Delivered late but product is fine.,4,22/04/25
rev_779a55c0,32558716,Highly recommended!,2,16/02/25
rev_37358216,30852680,Color faded after first wash.,1,12/04/25
rev_1c2ae3b2,32183773,Color faded after first wash.,2,23/03/25
rev_3d1694a0,28102750,Exactly as shown. Loved it.,2,16/04/25
rev_34e58a0a,29961772,Highly recommended!,3,09/03/25
rev_b1c7bd47,28596262,Color faded after first wash.,5,21/04/25
rev_d421c0be,27482548,Highly recommended!,4,26/03/25
rev_daf548d2,23795074,Highly recommended!,2,24/01/25
rev_511deb77,7812359,"Average quality, okay for the price.",5,25/03/25
rev_d4d834a4,25002648,"Average quality, okay for the price.",3,24/03/25
rev_86b58b5b,28450476,Delivered late but product is fine.,2,22/02/25
rev_eeb583fc,29959871,Very poor material.,4,22/03/25
rev_f8d93748,28768840,Exactly as shown. Loved it.,3,02/04/25
rev_74428063,33325717,Excellent quality and fit!,3,21/03/25
rev_d9f47f6b,27215114,Exactly as shown. Loved it.,3,20/03/25
rev_cebf0e22,31722671,Exactly as shown. Loved it.,5,10/02/25
rev_71460b8d,21632064,Not worth the price.,1,25/03/25
rev_f2afd4a1,33429750,"Average quality, okay for the price.",3,14/04/25
rev_9521c6a4,19567270,Very poor material.,4,16/03/25
rev_8e75278f,31428085,Highly recommended!,2,29/03/25
rev_9d3e3c19,32492256,Highly recommended!,5,05/03/25
rev_826e47bc,31468082,Color faded after first wash.,3,19/03/25
rev_5c1fee90,33070118,"Average quality, okay for the price.",1,21/04/25
rev_ff57c4eb,32662456,Very poor material.,4,24/01/25
rev_b134b1cb,30284478,Excellent quality and fit!,5,06/04/25
rev_618f0d4a,30824864,Not worth the price.,1,21/02/25
rev_b25b2428,30445060,Highly recommended!,5,21/04/25
rev_1443714c,30591591,Very poor material.,3,20/03/25
rev_f01764a5,31076412,Highly recommended!,5,10/03/25
rev_69bf5338,30575868,"Average quality, okay for the price.",2,01/02/25
rev_fbbac519,19281816,"Average quality, okay for the price.",3,24/02/25
rev_c97c00d2,30407786,Delivered late but product is fine.,4,12/03/25
rev_c92e4e20,30545049,Not worth the price.,5,21/04/25
rev_e4ecb41d,27135310,Excellent quality and fit!,5,20/02/25
rev_2da31115,30779609,Delivered late but product is fine.,4,13/03/25
rev_8e171c40,31239114,Not worth the price.,3,27/01/25
rev_3f9cf183,24109094,Delivered late but product is fine.,2,14/04/25
rev_588ca852,28090344,Delivered late but product is fine.,5,18/03/25
rev_7494589d,32413450,Not worth the price.,3,13/04/25
rev_f8eb00eb,30649929,Not worth the price.,3,02/04/25
rev_1c159920,29885118,"Average quality, okay for the price.",2,10/04/25
rev_5472f9ef,31205558,Exactly as shown. Loved it.,1,25/02/25
rev_2eec05b6,28203884,Delivered late but product is fine.,4,21/03/25
rev_2fa03656,31423164,"Average quality, okay for the price.",2,24/01/25
rev_4f6dbc47,17723796,Delivered late but product is fine.,4,04/04/25
rev_765b0285,32694052,"Average quality, okay for the price.",5,02/03/25
rev_f307f131,31596508,"Average quality, okay for the price.",2,25/02/25
rev_3063dcbc,31336476,Excellent quality and fit!,3,22/03/25
rev_9685d2b9,33061012,"Average quality, okay for the price.",3,12/04/25
rev_c3acbcba,30390273,Delivered late but product is fine.,1,05/02/25
rev_215dc28c,30905108,Highly recommended!,5,06/03/25
rev_b0057891,32550247,Highly recommended!,3,16/04/25
rev_900a6f32,29875581,Not worth the price.,3,02/03/25
rev_e2a0ae9c,27528584,Exactly as shown. Loved it.,4,28/03/25
rev_00868c41,21901114,Color faded after first wash.,1,04/04/25
rev_f9be1709,31123387,Color faded after first wash.,2,03/02/25
rev_67fae2de,31602265,Excellent quality and fit!,5,11/03/25
rev_431994b9,27369674,Very poor material.,3,24/01/25
rev_d92b2e34,26386988,Not worth the price.,2,11/03/25
rev_5bd1233d,13126854,Delivered late but product is fine.,3,09/03/25
rev_908504a1,31818134,Highly recommended!,1,16/03/25
rev_0d6540f9,24558202,Highly recommended!,4,11/04/25
rev_53b48ece,30161653,Color faded after first wash.,3,16/03/25
rev_e2df629d,31596646,Not worth the price.,5,27/01/25
rev_d1b0e99d,22618052,Delivered late but product is fine.,3,27/02/25
rev_4299b6a0,26317602,"Average quality, okay for the price.",2,25/02/25
rev_9b7c462e,27329778,"Average quality, okay for the price.",2,25/03/25
rev_bcf2e580,31818893,Excellent quality and fit!,3,06/03/25
rev_81052d56,31633021,Color faded after first wash.,4,03/02/25
rev_6a4010db,32406182,Delivered late but product is fine.,2,19/03/25
rev_181d30c7,31736038,Color faded after first wash.,3,21/02/25
rev_d3b2890d,32135278,Excellent quality and fit!,1,26/01/25
rev_a75cdee7,31926573,Not worth the price.,5,18/02/25
rev_e1d44370,29085708,Exactly as shown. Loved it.,2,10/03/25
rev_47db9153,30486821,Not worth the price.,5,05/02/25
rev_6009c301,30698912,Not worth the price.,4,04/02/25
rev_d42a2125,27851442,Highly recommended!,4,29/03/25
rev_1ad7e848,2028080,Delivered late but product is fine.,1,10/03/25
rev_478c2808,30600552,Color faded after first wash.,3,14/03/25
rev_d62aa987,19202976,Exactly as shown. Loved it.,4,05/02/25
rev_ea2ccdbe,12180542,Very poor material.,5,16/02/25
rev_2992aa71,31722619,Not worth the price.,4,06/02/25
rev_168f36c3,23427782,"Average quality, okay for the price.",5,03/02/25
rev_2857ea14,32236422,Highly recommended!,1,10/03/25
rev_beba79f0,27585898,Color faded after first wash.,3,11/04/25
rev_fa4a4e50,28959692,Delivered late but product is fine.,2,23/04/25
rev_21192c57,30536761,"Average quality, okay for the price.",2,27/01/25
rev_556c0b20,25145000,"Average quality, okay for the price.",4,27/01/25
rev_884a6488,20487872,Not worth the price.,4,13/02/25
rev_f688c630,24790770,Exactly as shown. Loved it.,1,13/04/25
rev_efa9283c,28000556,Delivered late but product is fine.,2,26/01/25
rev_3c056279,30063542,Very poor material.,1,12/02/25
rev_8c144c3d,29284874,Color faded after first wash.,5,19/04/25
rev_13df7b99,28138120,Color faded after first wash.,2,29/01/25
rev_c3b5aa02,29253422,Not worth the price.,2,04/04/25
rev_d331f0e7,24250912,"Average quality, okay for the price.",1,15/04/25
rev_32f177a2,31756093,Exactly as shown. Loved it.,3,18/02/25
rev_5603c0a7,31231813,Exactly as shown. Loved it.,5,19/02/25
rev_bc01fe05,30449967,Very poor material.,2,01/04/25
rev_afea5e10,31700457,Excellent quality and fit!,1,05/02/25
rev_fba08f58,31363060,Delivered late but product is fine.,3,27/01/25
rev_dd72c01c,17435778,"Average quality, okay for the price.",5,30/01/25
rev_cff44a79,27239912,Exactly as shown. Loved it.,2,30/03/25
rev_22e9b3b9,31376722,Exactly as shown. Loved it.,1,09/03/25
rev_9d77fb74,32357451,Delivered late but product is fine.,5,15/02/25
rev_59b0007d,31355009,Delivered late but product is fine.,4,14/03/25
rev_5b6fd4b7,16079266,Color faded after first wash.,3,20/02/25
rev_8b100148,32694036,Color faded after first wash.,1,16/04/25
rev_7e60d108,19996026,Not worth the price.,4,30/03/25
rev_15f32573,30662031,Exactly as shown. Loved it.,2,03/02/25
rev_96246509,32440753,Excellent quality and fit!,3,11/04/25
rev_e80cfc1b,31520748,Color faded after first wash.,3,15/02/25
rev_cf5fde7a,29608612,Excellent quality and fit!,2,24/01/25
rev_84ff6e79,26029536,Excellent quality and fit!,4,03/04/25
rev_5defd5f2,33276673,"Average quality, okay for the price.",4,14/03/25
rev_afc0afec,31338922,Delivered late but product is fine.,1,06/02/25
rev_e89cb130,32111264,Excellent quality and fit!,2,12/02/25
rev_3f360bf5,32874146,Not worth the price.,4,28/01/25
rev_a2f0a93a,31300865,Excellent quality and fit!,1,21/03/25
rev_06a0ff68,32355662,Delivered late but product is fine.,5,29/01/25
rev_6e944ccd,30662034,Very poor material.,1,14/04/25
rev_6429f60f,26547532,Very poor material.,1,07/04/25
rev_1fc0db94,30010541,Very poor material.,2,07/02/25
rev_506ffa20,33209731,Not worth the price.,2,25/01/25
rev_ac909767,24876324,Exactly as shown. Loved it.,4,24/04/25
rev_a1e4babb,10902244,Not worth the price.,2,07/03/25
rev_b8c84270,31757703,Very poor material.,4,24/01/25
rev_a06748e3,30824676,Color faded after first wash.,1,05/04/25
rev_1262e369,22801602,Color faded after first wash.,4,16/02/25
rev_12e87d93,13866636,Highly recommended!,3,25/03/25
rev_5d07d994,32109324,Color faded after first wash.,1,07/04/25
rev_c4488eeb,18377872,"Average quality, okay for the price.",4,17/02/25
rev_ea00e3d4,30886233,Not worth the price.,1,23/04/25
rev_25b6270c,22911736,"Average quality, okay for the price.",1,02/04/25
rev_cb846818,23429984,Very poor material.,5,19/03/25
rev_0821faa9,31614881,Highly recommended!,5,26/02/25
rev_cf8f052c,29335922,Highly recommended!,4,29/03/25
rev_26dec421,31363589,Not worth the price.,4,28/01/25
rev_629e93db,31174430,Excellent quality and fit!,5,09/02/25
rev_0f09f258,30588362,Color faded after first wash.,5,28/03/25
rev_a8c196ad,27684024,Color faded after first wash.,5,23/02/25
rev_5924c878,32413295,Color faded after first wash.,3,25/03/25
rev_3f7f4ef9,18460490,Delivered late but product is fine.,4,19/04/25
rev_4838eb93,32339964,Very poor material.,2,22/02/25
rev_4424e191,20754890,Exactly as shown. Loved it.,3,02/04/25
rev_0804c180,20631100,Very poor material.,4,29/03/25
rev_f5b84af5,32285383,Highly recommended!,1,08/04/25
rev_696e7386,14486656,"Average quality, okay for the price.",1,26/01/25
rev_1b592eba,31566047,Excellent quality and fit!,4,04/03/25
rev_91417cce,33084748,Very poor material.,4,25/01/25
rev_33db4326,27989780,Very poor material.,5,10/04/25
rev_3fff2984,31020387,Excellent quality and fit!,5,12/04/25
rev_f179d9f7,31174869,Not worth the price.,5,30/03/25
rev_c445c4c1,25368306,Color faded after first wash.,4,08/02/25
rev_6d5e9f66,26243724,Color faded after first wash.,5,10/03/25
rev_d1433a5e,30445070,Not worth the price.,2,10/03/25
rev_b1023bba,26332400,"Average quality, okay for the price.",2,14/04/25
rev_4a423edc,27729380,Highly recommended!,3,10/04/25
rev_d5d7c782,30171683,"Average quality, okay for the price.",2,27/03/25
rev_54b2bccc,17329074,Not worth the price.,3,02/03/25
rev_9da5c303,32253803,Excellent quality and fit!,5,29/01/25
rev_ea85bd36,28595086,Highly recommended!,3,21/04/25
rev_c8699fd1,2028080,Not worth the price.,2,24/02/25
rev_fb35560e,25738600,Not worth the price.,2,19/04/25
rev_2aee0c60,29967403,Delivered late but product is fine.,1,23/04/25
rev_eb736219,30453193,Exactly as shown. Loved it.,4,28/03/25
rev_75938e06,21143152,Very poor material.,5,12/03/25
rev_fe804d8c,31614679,Exactly as shown. Loved it.,5,17/02/25
rev_9fbeb99a,30250907,Not worth the price.,3,03/04/25
rev_3eeec2a3,23704688,"Average quality, okay for the price.",3,21/02/25
rev_817bf959,32793315,Delivered late but product is fine.,4,22/03/25
rev_43af8d63,30822673,Color faded after first wash.,4,17/03/25
rev_5ae91570,29872810,Highly recommended!,5,23/02/25
rev_a9c63791,31842679,"Average quality, okay for the price.",2,28/01/25
rev_8b2198af,30870664,"Average quality, okay for the price.",2,19/04/25
rev_957bf4d5,31597549,Color faded after first wash.,5,27/01/25
rev_686f5064,31338637,Not worth the price.,4,02/02/25
rev_be2de6ea,24767136,Very poor material.,4,31/03/25
rev_af4ddcd2,25335028,"Average quality, okay for the price.",2,23/04/25
rev_f4b09a63,29384850,"Average quality, okay for the price.",5,21/03/25
rev_bbaf9c83,30419922,Excellent quality and fit!,5,21/02/25
rev_d5803f83,29885139,Color faded after first wash.,1,31/01/25
rev_517006ed,13594656,Color faded after first wash.,3,07/02/25
rev_e4296d5e,24779234,Highly recommended!,2,18/03/25
rev_73e4caec,32366318,Color faded after first wash.,5,07/02/25
rev_f54573e8,22705438,Excellent quality and fit!,1,10/04/25
rev_c6592722,30062187,Very poor material.,3,31/03/25
rev_a596cfe2,26517452,Excellent quality and fit!,5,08/03/25
rev_6dca3f63,17305046,"Average quality, okay for the price.",2,20/02/25
rev_45c5c18b,25483038,Color faded after first wash.,5,14/03/25
rev_dc246f4d,29891239,Not worth the price.,3,15/02/25
rev_1e18694f,26165588,Not worth the price.,2,30/03/25
rev_6f30b7f9,26411806,Highly recommended!,4,18/03/25
rev_b9cfa2a1,25642000,Exactly as shown. Loved it.,3,26/03/25
rev_79b9d6e2,31429660,Excellent quality and fit!,2,15/02/25
rev_1b713b93,32522782,Not worth the price.,2,08/03/25
rev_49be6d77,31270449,"Average quality, okay for the price.",2,21/04/25
rev_3f05a465,31363132,Delivered late but product is fine.,1,17/03/25
rev_5c5c5217,32278965,Exactly as shown. Loved it.,5,11/03/25
rev_0fa345ce,24614842,"Average quality, okay for the price.",4,24/02/25
rev_d64fef11,11092622,Not worth the price.,1,28/02/25
rev_ee3a694e,30495200,Color faded after first wash.,4,15/03/25
rev_a7ec9b8f,30872904,Highly recommended!,3,05/04/25
rev_768453cb,24648418,Very poor material.,4,20/03/25
rev_fc335c0a,20979632,Very poor material.,3,22/04/25
rev_e66e367d,26694706,"Average quality, okay for the price.",2,01/03/25
rev_0e3de73d,20216164,Not worth the price.,4,02/03/25
rev_daf6b70a,30643126,Color faded after first wash.,5,05/02/25
rev_7cfc9678,28987928,Color faded after first wash.,2,11/02/25
rev_ab3cb5d0,10968502,"Average quality, okay for the price.",4,12/02/25
rev_871f5ed2,29781574,Delivered late but product is fine.,5,27/03/25
rev_737f5765,22899106,Excellent quality and fit!,2,26/01/25
rev_365def95,33186089,Exactly as shown. Loved it.,2,24/04/25
rev_8d513d51,29936238,Highly recommended!,5,07/03/25
rev_c95d33d9,12947498,Highly recommended!,1,21/02/25
rev_9e3f0e7a,32218222,Color faded after first wash.,4,30/03/25
rev_dcba8c60,30751105,Highly recommended!,4,14/02/25
rev_2c8de0e2,31369679,Not worth the price.,5,18/03/25
rev_37933a9d,31257074,Exactly as shown. Loved it.,3,19/04/25
rev_e21290a2,31543298,Exactly as shown. Loved it.,1,14/04/25
rev_c5e2feb2,27530700,Very poor material.,4,19/02/25
rev_09a98c93,29934865,Very poor material.,3,19/02/25
rev_a52c0bb0,30842299,"Average quality, okay for the price.",2,24/02/25
rev_1ce4dc8c,32403529,Highly recommended!,5,27/02/25
rev_a34c3ddf,19921888,Not worth the price.,1,19/02/25
rev_014d1daf,17289124,Not worth the price.,2,20/02/25
rev_2e4da50a,32058816,Highly recommended!,5,05/02/25
rev_a30a6118,30893683,Delivered late but product is fine.,1,23/04/25
rev_1d1e4a9a,25877852,Very poor material.,5,06/04/25
rev_1c637b62,31379803,Excellent quality and fit!,4,29/03/25
rev_88393f9c,22643892,Not worth the price.,2,22/04/25
rev_ab382feb,24760732,Color faded after first wash.,2,04/03/25
rev_43d3c5d4,21425510,Not worth the price.,2,08/02/25
rev_52cc9b73,26243728,Exactly as shown. Loved it.,1,19/02/25
rev_f1f7ee80,21221022,Excellent quality and fit!,1,23/03/25
rev_7daf354d,30588219,Not worth the price.,5,19/03/25
rev_671fab78,20302846,Excellent quality and fit!,1,27/01/25
rev_9d26eb9c,29265868,Delivered late but product is fine.,5,13/03/25
rev_92701018,24946360,Highly recommended!,5,01/02/25
rev_1de43441,13321894,Delivered late but product is fine.,2,12/02/25
rev_25fe9c10,31946771,Highly recommended!,5,12/04/25
rev_07cce9b2,23773926,Very poor material.,1,02/04/25
rev_59084642,31111632,Very poor material.,5,20/04/25
rev_d5f8dd0a,17650066,Very poor material.,3,27/02/25
rev_c640200d,31012276,Excellent quality and fit!,1,18/04/25
rev_5806183b,26858790,Very poor material.,4,21/03/25
rev_bbe23942,32377860,Exactly as shown. Loved it.,3,21/04/25
rev_b877d97c,31242582,Very poor material.,2,31/03/25
rev_44495c90,17305046,"Average quality, okay for the price.",3,17/04/25
rev_65754095,12853658,Exactly as shown. Loved it.,2,08/03/25
rev_e79cacff,29999643,Excellent quality and fit!,2,27/02/25
rev_61d7eeb1,30101320,"Average quality, okay for the price.",1,08/03/25
rev_2a96e9a4,30664048,"Average quality, okay for the price.",5,14/03/25
rev_e30db15a,30010553,Color faded after first wash.,4,25/02/25
rev_3e32e4c7,31379789,Color faded after first wash.,3,01/02/25
rev_890759bb,30543459,Very poor material.,3,07/02/25
rev_07b15633,27499546,Highly recommended!,2,21/03/25
rev_75ace29f,15845926,Not worth the price.,4,07/02/25
rev_4c344c0a,29930951,Color faded after first wash.,2,11/02/25
rev_eedf0087,14365724,Very poor material.,2,22/03/25
rev_55561fd0,31168295,Highly recommended!,1,14/03/25
rev_993ea695,31112875,Exactly as shown. Loved it.,2,09/02/25
rev_fbfc4317,23504336,Delivered late but product is fine.,2,13/04/25
rev_5cd0a1fd,26556882,Color faded after first wash.,2,28/02/25
rev_573c8794,31370788,"Average quality, okay for the price.",2,17/03/25
rev_e808a561,30648584,Excellent quality and fit!,2,30/03/25
rev_8e3496b1,18813536,Color faded after first wash.,1,28/01/25
rev_9dfae50f,23131224,Delivered late but product is fine.,4,19/02/25
rev_b836216e,32503420,Highly recommended!,3,04/04/25
rev_1f9145fd,31336479,Excellent quality and fit!,5,01/03/25
rev_bac6624f,30141496,Not worth the price.,5,25/01/25
rev_2e850950,33044542,Delivered late but product is fine.,4,02/04/25
rev_550c2123,15135002,"Average quality, okay for the price.",4,08/04/25
rev_a7ed6311,29864153,Exactly as shown. Loved it.,3,02/04/25
rev_1e364078,30426491,Exactly as shown. Loved it.,3,24/03/25
rev_61a4b5ee,18289868,Color faded after first wash.,3,07/02/25
rev_94c559a1,26207042,Excellent quality and fit!,1,07/04/25
rev_92c9ad7b,29758198,Not worth the price.,3,28/03/25
rev_e5d76355,32811683,Color faded after first wash.,1,31/03/25
rev_9f524c49,26707268,Exactly as shown. Loved it.,5,05/02/25
rev_10830e16,24956906,Very poor material.,5,16/04/25
rev_9eb576c3,28136786,Color faded after first wash.,3,14/04/25
rev_7ffb8fcc,25156390,Not worth the price.,5,23/04/25
rev_628f1598,23800868,"Average quality, okay for the price.",2,30/01/25
rev_d4d82165,22492580,"Average quality, okay for the price.",2,04/04/25
rev_38f443f2,30144674,"Average quality, okay for the price.",3,11/04/25
rev_1110952f,30208746,Not worth the price.,2,10/03/25
rev_113d72a6,25992756,Highly recommended!,1,31/03/25
rev_7383e8ab,30718913,Not worth the price.,4,24/01/25
rev_187d18e6,32820355,Exactly as shown. Loved it.,5,19/02/25
rev_b605c071,27595670,Highly recommended!,2,11/02/25
rev_1956d1cf,30141343,Exactly as shown. Loved it.,2,25/01/25
rev_9f401f79,25816492,Exactly as shown. Loved it.,2,04/02/25
rev_9e9bf915,33162589,Delivered late but product is fine.,2,24/02/25
rev_29972b67,33070567,Not worth the price.,5,14/02/25
rev_ed440fc8,30209321,Exactly as shown. Loved it.,1,26/02/25
rev_9e109e80,29234568,Exactly as shown. Loved it.,4,01/03/25
rev_22644fa8,32662407,Very poor material.,4,27/03/25
rev_434b2c70,25817986,Exactly as shown. Loved it.,2,04/04/25
rev_a0a861ca,30525892,Very poor material.,2,31/03/25
rev_8d7682e4,32366316,Highly recommended!,5,01/03/25
rev_1685bdcd,28035794,"Average quality, okay for the price.",4,08/03/25
rev_0840d2d1,30420191,Color faded after first wash.,1,19/03/25
rev_d18b79a3,31798434,Excellent quality and fit!,4,02/02/25
rev_9c15cac1,30163037,Exactly as shown. Loved it.,2,16/03/25
rev_8f819c66,30770093,Color faded after first wash.,2,25/02/25
rev_dacf6a86,31338637,Exactly as shown. Loved it.,4,21/04/25
rev_d5cfed0b,32811324,Highly recommended!,1,22/02/25
rev_bd735b83,28583078,Color faded after first wash.,2,12/04/25
rev_87abfb17,25898412,"Average quality, okay for the price.",2,30/03/25
rev_f85c721b,25940088,Delivered late but product is fine.,3,05/03/25
rev_02f1ff81,18361834,Very poor material.,2,07/04/25
rev_3bd73fb8,21844922,Highly recommended!,2,04/03/25
rev_8d567178,27456324,Highly recommended!,5,24/01/25
rev_26d023af,31410780,Color faded after first wash.,5,29/01/25
rev_d75bcf8c,31973494,Excellent quality and fit!,4,25/01/25
rev_3747d206,13572930,Highly recommended!,2,09/03/25
rev_f3ad9b09,23495926,Delivered late but product is fine.,1,19/02/25
rev_4d70ddf4,30882634,Very poor material.,5,26/01/25
rev_3e1ac3fc,20514484,Very poor material.,5,18/02/25
rev_79d86c53,30380900,Delivered late but product is fine.,3,23/02/25
rev_d73d8b8a,31630227,Not worth the price.,5,04/04/25
rev_20eb442f,30561017,Very poor material.,2,22/03/25
rev_390e3695,26042834,Exactly as shown. Loved it.,1,30/01/25
rev_e6651a53,16483798,Color faded after first wash.,2,31/03/25
rev_f145130e,26918186,Delivered late but product is fine.,4,14/03/25
rev_90c7e07a,30588141,Excellent quality and fit!,2,30/01/25
rev_a1db2248,30588219,Highly recommended!,3,13/03/25
rev_f5868821,32074411,Color faded after first wash.,4,26/01/25
rev_6c55f57d,1299590,Delivered late but product is fine.,1,20/04/25
rev_964ad552,32555063,Color faded after first wash.,4,30/01/25
rev_4ea1919c,13732324,Exactly as shown. Loved it.,1,29/03/25
rev_a4f156c4,17990062,Excellent quality and fit!,4,24/03/25
rev_3225fb43,31153326,Exactly as shown. Loved it.,2,29/03/25
rev_30f87a1d,32702478,Color faded after first wash.,1,14/04/25
rev_5e719973,26517974,Not worth the price.,3,02/03/25
rev_03a548fc,28302072,Color faded after first wash.,2,24/02/25
rev_9694cf04,32169577,Excellent quality and fit!,5,05/03/25
rev_59497874,30232642,Color faded after first wash.,4,10/02/25
rev_f9c2bdb3,26098384,"Average quality, okay for the price.",2,27/02/25
rev_881251f5,30810962,"Average quality, okay for the price.",1,14/03/25
rev_fda75313,26775490,Color faded after first wash.,1,24/04/25
rev_a6e6fad4,30010397,"Average quality, okay for the price.",5,17/03/25
rev_08a92f19,29651248,Highly recommended!,3,06/03/25
rev_18f1a80e,24210738,Delivered late but product is fine.,2,28/01/25
rev_237b712c,32179909,Delivered late but product is fine.,5,08/02/25
rev_198e2cf9,23027610,Color faded after first wash.,1,12/04/25
rev_fdf81974,22197366,"Average quality, okay for the price.",5,06/04/25
rev_dd2150d2,31134652,"Average quality, okay for the price.",3,25/03/25
rev_c00e326e,29553912,Very poor material.,2,04/04/25
rev_ae28bc25,20867454,Highly recommended!,1,24/04/25
rev_37f172ca,12193152,Very poor material.,5,25/03/25
rev_f3c806ea,30065321,Exactly as shown. Loved it.,4,27/02/25
rev_f3871402,23909680,Delivered late but product is fine.,5,13/03/25
rev_40ea735a,19742844,Exactly as shown. Loved it.,2,04/03/25
rev_30cf85ee,24629176,Very poor material.,2,28/01/25
rev_8dc941ab,13321966,Excellent quality and fit!,4,28/01/25
rev_bb935730,25657022,Delivered late but product is fine.,1,16/03/25
rev_1de1b02b,30884659,Color faded after first wash.,2,02/04/25
rev_8e99f23d,24244676,"Average quality, okay for the price.",3,06/03/25
rev_1d26ca71,30598792,"Average quality, okay for the price.",3,11/04/25
rev_bfa60bcc,30125738,Highly recommended!,2,20/04/25
rev_8b20abb6,30575862,Very poor material.,3,23/03/25
rev_f5c1bcbe,31697219,Not worth the price.,1,24/04/25
rev_213121cc,31366130,Exactly as shown. Loved it.,4,04/04/25
rev_25375d47,30237811,Very poor material.,2,10/03/25
rev_04eb4aae,27329778,Color faded after first wash.,2,15/02/25
rev_22956031,28945028,Excellent quality and fit!,3,13/02/25
rev_1e267ca4,32562449,"Average quality, okay for the price.",2,06/04/25
rev_42dd973f,30961673,"Average quality, okay for the price.",2,21/03/25
rev_37d86d23,31934442,Exactly as shown. Loved it.,5,12/04/25
rev_2a361e12,23037338,Color faded after first wash.,2,09/03/25
rev_a5e626a5,32355662,Very poor material.,1,04/04/25
rev_eb0a1db5,33545834,Highly recommended!,2,29/01/25
rev_ba4a9dc9,29828040,Excellent quality and fit!,4,04/04/25
rev_edc344d9,32422452,Exactly as shown. Loved it.,4,01/03/25
rev_57e2579e,25281850,Exactly as shown. Loved it.,4,06/02/25
rev_042847a1,25770026,Delivered late but product is fine.,3,08/03/25
rev_f43f7419,31791021,Very poor material.,1,15/04/25
rev_4ffbc699,32622975,Highly recommended!,5,10/03/25
rev_5cb6e374,30744791,Not worth the price.,1,09/02/25
rev_3844c44d,7243639,Excellent quality and fit!,1,20/02/25
rev_7a0a4c80,33519116,Color faded after first wash.,3,02/04/25
rev_9e80bc47,30213512,Exactly as shown. Loved it.,2,28/02/25
rev_aa2297cf,28595038,"Average quality, okay for the price.",2,06/02/25
rev_d79e44a8,32241056,Exactly as shown. Loved it.,3,12/02/25
rev_3c4329c8,22643892,"Average quality, okay for the price.",4,14/02/25
rev_82364a4c,21742194,Delivered late but product is fine.,2,03/03/25
rev_911a4c95,33041303,Color faded after first wash.,4,03/03/25
rev_fdabeee2,31178387,Very poor material.,3,28/02/25
rev_f2a078b4,31266819,Delivered late but product is fine.,1,01/02/25
rev_4026214b,32786803,Highly recommended!,3,11/02/25
rev_3da1b9f7,30152396,Excellent quality and fit!,3,26/03/25
rev_33324b4e,17664018,Highly recommended!,5,01/02/25
rev_41a472a2,30998647,Color faded after first wash.,1,15/02/25
rev_98a061b4,11976812,Very poor material.,3,11/02/25
rev_bbac1346,20763506,"Average quality, okay for the price.",3,18/03/25
rev_b757c7f0,17356776,Highly recommended!,2,26/03/25
rev_b6883e69,31345976,Delivered late but product is fine.,2,08/04/25
rev_d06308a9,30495348,Exactly as shown. Loved it.,4,06/04/25
rev_c115519c,21180014,Exactly as shown. Loved it.,5,09/03/25
rev_063c906a,27485626,Not worth the price.,4,22/03/25
rev_fab7de24,23872184,Not worth the price.,1,30/01/25
rev_29058ab3,22022812,Delivered late but product is fine.,4,19/02/25
rev_095a9921,33514848,Very poor material.,1,30/01/25
rev_bf826bac,7271352,"Average quality, okay for the price.",2,25/01/25
rev_28fe61d0,31281910,Excellent quality and fit!,3,01/02/25
rev_f9374506,16127468,Highly recommended!,1,11/04/25
rev_edc8e141,24297976,Not worth the price.,4,08/03/25
rev_806ac4fb,31568129,Delivered late but product is fine.,2,22/04/25
rev_ef36e62c,32355658,Exactly as shown. Loved it.,2,11/03/25
rev_9c12aede,25898426,Excellent quality and fit!,5,19/02/25
rev_3f41f654,28771962,Exactly as shown. Loved it.,5,24/02/25
rev_b19bca4a,18192810,Excellent quality and fit!,1,21/02/25
rev_0b3bd159,30812506,Very poor material.,5,17/03/25
rev_9c3a1876,30307755,Delivered late but product is fine.,4,23/04/25
rev_181770dd,32576666,Delivered late but product is fine.,3,02/02/25
rev_2d2bbe7b,26707268,Exactly as shown. Loved it.,1,23/02/25
rev_6e7917bd,25396412,Color faded after first wash.,3,14/02/25
rev_6915fdf1,30771282,Color faded after first wash.,3,17/02/25
rev_09739146,30707493,Very poor material.,2,01/02/25
rev_73858996,17038438,Highly recommended!,2,13/04/25
rev_61b19421,30818338,Exactly as shown. Loved it.,1,01/04/25
rev_c784e7a0,29205172,Color faded after first wash.,2,05/02/25
rev_ba2cfcad,19921888,Delivered late but product is fine.,4,23/02/25
rev_60b8f025,33378478,Excellent quality and fit!,2,29/03/25
rev_4c712ee4,31596548,"Average quality, okay for the price.",5,02/04/25
rev_c860ec23,31836982,"Average quality, okay for the price.",1,26/03/25
rev_2cc33396,8803831,Highly recommended!,5,24/02/25
rev_217e5afc,32320915,Excellent quality and fit!,5,18/04/25
rev_647d63ed,23203232,Delivered late but product is fine.,2,03/03/25
rev_06e922ac,30010445,Very poor material.,4,21/03/25
rev_c4914221,31184770,Excellent quality and fit!,1,08/03/25
rev_61f68ee0,19456554,Not worth the price.,1,05/02/25
rev_fc081104,31939432,Color faded after first wash.,2,26/02/25
rev_37a7bba8,33028474,Exactly as shown. Loved it.,3,14/02/25
rev_cf5ddac5,29896788,Not worth the price.,5,14/03/25
rev_5d087eea,23589112,"Average quality, okay for the price.",3,14/03/25
rev_88db927d,31129017,Highly recommended!,2,04/03/25
rev_ab7e9765,32793276,Exactly as shown. Loved it.,4,04/02/25
rev_b3cae9ad,31939434,Not worth the price.,5,13/03/25
rev_c8362929,31434533,"Average quality, okay for the price.",5,01/02/25
rev_44f37a86,12875786,Color faded after first wash.,1,20/03/25
rev_ca5f8753,26031836,Delivered late but product is fine.,5,29/03/25
rev_72bc081b,27655668,Very poor material.,1,19/03/25
rev_665ab141,23338544,"Average quality, okay for the price.",4,21/04/25
rev_dcc9f83c,32372741,Highly recommended!,3,26/03/25
rev_48d47f4a,33167391,Very poor material.,4,21/04/25
rev_087a511a,21180014,Excellent quality and fit!,4,02/04/25
rev_4dc26d82,7139185,Exactly as shown. Loved it.,5,15/02/25
rev_e20928a5,31112542,Not worth the price.,1,07/04/25
rev_49f2375b,31755006,Very poor material.,1,21/04/25
rev_596abd15,25178154,Delivered late but product is fine.,1,24/01/25
rev_773d74ff,30386462,"Average quality, okay for the price.",1,29/03/25
rev_8c0cf803,14138032,Color faded after first wash.,2,13/02/25
rev_3f190cef,32694092,Color faded after first wash.,5,29/03/25
rev_605aa1f5,31762436,Very poor material.,5,16/02/25
rev_4bd1d8ab,20565880,Not worth the price.,4,23/02/25
rev_8ecc6cc5,30766083,Highly recommended!,4,06/04/25
rev_c8e4b172,29625174,Delivered late but product is fine.,1,01/02/25
rev_6706cf7e,27025818,Not worth the price.,1,26/03/25
rev_cc9ffa4f,31845275,Not worth the price.,3,14/02/25
rev_45149427,24633728,Delivered late but product is fine.,2,04/02/25
rev_de670267,11404294,Delivered late but product is fine.,3,19/04/25
rev_5d2393b0,25857856,Color faded after first wash.,5,22/04/25
rev_0bc2b127,30730007,"Average quality, okay for the price.",2,20/03/25
rev_da1fbbb9,32306188,Very poor material.,2,17/02/25
rev_444566dd,33273644,Exactly as shown. Loved it.,3,26/01/25
rev_4f3bd125,29103054,Very poor material.,4,24/02/25
rev_9eabbd7f,30255132,"Average quality, okay for the price.",4,10/02/25
rev_b79c2f5d,29936238,Exactly as shown. Loved it.,3,26/02/25
rev_11c38206,29970903,Excellent quality and fit!,2,23/04/25
rev_0816a8d7,27313574,Excellent quality and fit!,5,20/03/25
rev_9e7eb008,30558248,Color faded after first wash.,3,23/03/25
rev_e4a67d46,28421278,Not worth the price.,4,05/03/25
rev_370201fd,32854171,Delivered late but product is fine.,1,25/02/25
rev_3ea1c6ac,32753813,Color faded after first wash.,3,19/04/25
rev_76e44a09,32694092,Excellent quality and fit!,1,24/02/25
rev_3b19daea,29936741,Delivered late but product is fine.,2,24/01/25
rev_ee21b29c,21143152,Highly recommended!,5,28/02/25
rev_c0e02d02,16814730,Color faded after first wash.,2,02/04/25
rev_c02513fd,32958369,Excellent quality and fit!,2,24/02/25
rev_2b1efbb7,31012276,"Average quality, okay for the price.",1,10/04/25
rev_3211c462,23836574,"Average quality, okay for the price.",2,30/01/25
rev_2f504317,29090886,"Average quality, okay for the price.",2,11/04/25
rev_0d246b78,21144710,Delivered late but product is fine.,3,03/02/25
rev_cd50a973,27737198,Excellent quality and fit!,1,07/02/25
rev_eeac0863,24567740,Excellent quality and fit!,3,13/04/25
rev_2bb92407,31941000,Color faded after first wash.,5,06/02/25
rev_aa74e4a5,26549276,Delivered late but product is fine.,2,12/03/25
rev_1153dde8,30975156,Color faded after first wash.,2,25/02/25
rev_2dc85c88,29902121,Delivered late but product is fine.,3,30/01/25
rev_8c23b06a,28049298,Exactly as shown. Loved it.,4,20/03/25
rev_c5ec27bb,26207042,Not worth the price.,1,16/04/25
rev_8371f1e0,31546970,Very poor material.,3,26/03/25
rev_a234ed30,14615040,Very poor material.,5,22/04/25
rev_2016151a,31600811,Very poor material.,2,25/03/25
rev_06821582,31829161,Not worth the price.,5,28/01/25
rev_1f8f7419,30918275,Not worth the price.,2,16/02/25
rev_47580d55,26033652,Exactly as shown. Loved it.,3,24/01/25
rev_cf1111d9,20456316,Color faded after first wash.,4,07/02/25
rev_1001398b,31015691,Exactly as shown. Loved it.,4,05/02/25
rev_f686b272,24885492,Delivered late but product is fine.,2,28/02/25
rev_2c4a68b3,20694216,Color faded after first wash.,5,24/01/25
rev_c0d2d136,11404322,Exactly as shown. Loved it.,3,04/02/25
rev_0e52528e,30491889,Color faded after first wash.,2,08/03/25
rev_fc431476,20312066,Exactly as shown. Loved it.,5,26/01/25
rev_e6e31786,20322006,Very poor material.,3,03/02/25
rev_b7a9ae7e,27073880,Color faded after first wash.,5,04/04/25
rev_44f30c19,26696782,Delivered late but product is fine.,2,26/02/25
rev_1e8c3915,31050799,Excellent quality and fit!,5,18/03/25
rev_985fd490,29954934,Exactly as shown. Loved it.,4,08/02/25
rev_79467e41,33554635,Highly recommended!,3,31/01/25
rev_9412f361,29584268,Not worth the price.,5,04/04/25
rev_2396c1f6,11958118,Highly recommended!,1,09/04/25
rev_1f6b8166,32422762,Not worth the price.,2,04/04/25
rev_bcec3821,22463760,Color faded after first wash.,1,22/04/25
rev_6454e5f9,25244332,Not worth the price.,4,22/02/25
rev_d5786c9b,30129286,Exactly as shown. Loved it.,4,06/03/25
rev_0f4fae8d,31027991,Excellent quality and fit!,2,03/02/25
rev_28c84af6,13392354,Delivered late but product is fine.,2,07/03/25
rev_7fd0da85,31426825,Exactly as shown. Loved it.,1,28/01/25